<?xml version="1.0" encoding="utf-8"?>
<extension type="component" version="3.0" method="upgrade">
    <name>com_tjvendors</name>
    <creationDate>2016-05-27</creationDate>
    <copyright>Copyright(C)2016-16 TechJoomla</copyright>
    <license>GNU General Public License version 2 or later; see LICENSE.txt</license>
    <author>TechJoomla</author>
    <authorEmail>extensions@techjoomla.com</authorEmail>
    <authorUrl>www.techjoomla.com</authorUrl>
    <version>1.0.0</version>
    <description>TJVendors - Common code for TJ Vendors Manager!</description>
    <install> <!-- Runs on install -->
        <sql>
            <file driver="mysql" charset="utf8">sql/install.mysql.utf8.sql</file>
        </sql>
    </install>
    <update> <!-- Runs on update -->
        <sql>
            <file driver="mysql" charset="utf8">sql/update.mysql.utf8.sql</file>
        </sql>
    </update>
    <uninstall> <!-- Runs on uninstall -->
        <sql>
            <file driver="mysql" charset="utf8">sql/uninstall.mysql.utf8.sql</file>
        </sql>
    </uninstall>
    <scriptfile>script.tjvendors.php</scriptfile>
    <files folder="site">
        <filename>index.html</filename>
        <filename>tjvendors.php</filename>
        <filename>controller.php</filename>
        <filename>router.php</filename>
        <folder>views</folder>
        <folder>models</folder>
        <folder>controllers</folder>
        <folder>helpers</folder>
        <folder>tables</folder>
    </files>
    <languages folder="site_language">
		<language tag="en-GB">en-GB/en-GB.com_tjvendors.ini</language>
		<language tag="en-GB">en-GB/en-GB.com_tjvendors.sys.ini</language>
    </languages>
    <administration>
        <menu>COM_TJVENDORS</menu>
        <files folder="admin">
            <filename>access.xml</filename>
            <filename>config.xml</filename>
            <filename>controller.php</filename>
            <filename>index.html</filename>
            <filename>tjvendors.php</filename>
            <folder>controllers</folder>
            <folder>assets</folder>
            <folder>helpers</folder>
            <folder>models</folder>
            <folder>sql</folder>
            <folder>tables</folder>
            <folder>views</folder>
        </files>
        <languages folder="admin_language">
			<language tag="en-GB">en-GB/en-GB.com_tjvendors.ini</language>
			<language tag="en-GB">en-GB/en-GB.com_tjvendors.sys.ini</language>
        </languages>
    </administration>
    <config>
        <fields name="params">
            <fieldset name="component">
                <field name="save_history" default="0" />
            </fieldset>
        </fields>
    </config>
    <plugins>
        <plugin group="search" plugin="tjvendors"/>
    </plugins>
</extension>
